{
  "hash": "61f77367",
  "configHash": "690e6cbb",
  "lockfileHash": "94941339",
  "browserHash": "da0f75d4",
  "optimized": {
    "@angular/common": {
      "src": "../../../../../../node_modules/@angular/common/fesm2022/common.mjs",
      "file": "@angular_common.js",
      "fileHash": "4067db39",
      "needsInterop": false
    },
    "@angular/common/http": {
      "src": "../../../../../../node_modules/@angular/common/fesm2022/http.mjs",
      "file": "@angular_common_http.js",
      "fileHash": "49c63bd9",
      "needsInterop": false
    },
    "@angular/core": {
      "src": "../../../../../../node_modules/@angular/core/fesm2022/core.mjs",
      "file": "@angular_core.js",
      "fileHash": "f2139f0f",
      "needsInterop": false
    },
    "@angular/forms": {
      "src": "../../../../../../node_modules/@angular/forms/fesm2022/forms.mjs",
      "file": "@angular_forms.js",
      "fileHash": "492e04c7",
      "needsInterop": false
    },
    "@angular/platform-browser": {
      "src": "../../../../../../node_modules/@angular/platform-browser/fesm2022/platform-browser.mjs",
      "file": "@angular_platform-browser.js",
      "fileHash": "0e54d4c3",
      "needsInterop": false
    },
    "@angular/router": {
      "src": "../../../../../../node_modules/@angular/router/fesm2022/router.mjs",
      "file": "@angular_router.js",
      "fileHash": "aa4a8b77",
      "needsInterop": false
    },
    "@ngx-translate/core": {
      "src": "../../../../../../node_modules/@ngx-translate/core/fesm2022/ngx-translate-core.mjs",
      "file": "@ngx-translate_core.js",
      "fileHash": "2500cb65",
      "needsInterop": false
    },
    "@ngx-translate/http-loader": {
      "src": "../../../../../../node_modules/@ngx-translate/http-loader/fesm2022/ngx-translate-http-loader.mjs",
      "file": "@ngx-translate_http-loader.js",
      "fileHash": "291ec5eb",
      "needsInterop": false
    },
    "ng-lazyload-image": {
      "src": "../../../../../../node_modules/ng-lazyload-image/fesm2020/ng-lazyload-image.mjs",
      "file": "ng-lazyload-image.js",
      "fileHash": "3d91bc57",
      "needsInterop": false
    },
    "ngx-pagination": {
      "src": "../../../../../../node_modules/ngx-pagination/fesm2020/ngx-pagination.mjs",
      "file": "ngx-pagination.js",
      "fileHash": "8eaedaa0",
      "needsInterop": false
    },
    "ngx-skeleton-loader": {
      "src": "../../../../../../node_modules/ngx-skeleton-loader/fesm2022/ngx-skeleton-loader.mjs",
      "file": "ngx-skeleton-loader.js",
      "fileHash": "af27ffd9",
      "needsInterop": false
    },
    "primeng/skeleton": {
      "src": "../../../../../../node_modules/primeng/fesm2022/primeng-skeleton.mjs",
      "file": "primeng_skeleton.js",
      "fileHash": "e96c61a0",
      "needsInterop": false
    },
    "rxjs": {
      "src": "../../../../../../node_modules/rxjs/dist/esm5/index.js",
      "file": "rxjs.js",
      "fileHash": "b7f635a2",
      "needsInterop": false
    },
    "rxjs/operators": {
      "src": "../../../../../../node_modules/rxjs/dist/esm5/operators/index.js",
      "file": "rxjs_operators.js",
      "fileHash": "94864cee",
      "needsInterop": false
    },
    "zone.js": {
      "src": "../../../../../../node_modules/zone.js/fesm2015/zone.js",
      "file": "zone__js.js",
      "fileHash": "83117027",
      "needsInterop": true
    }
  },
  "chunks": {
    "chunk-GP5RWT3H": {
      "file": "chunk-GP5RWT3H.js"
    },
    "chunk-VYU45I53": {
      "file": "chunk-VYU45I53.js"
    },
    "chunk-OJGGRNWZ": {
      "file": "chunk-OJGGRNWZ.js"
    },
    "chunk-FTJJFYDV": {
      "file": "chunk-FTJJFYDV.js"
    },
    "chunk-HLKKE27D": {
      "file": "chunk-HLKKE27D.js"
    },
    "chunk-YVXMBCE5": {
      "file": "chunk-YVXMBCE5.js"
    },
    "chunk-G6ECYYJH": {
      "file": "chunk-G6ECYYJH.js"
    },
    "chunk-RTGP7ALM": {
      "file": "chunk-RTGP7ALM.js"
    },
    "chunk-FML4G5KZ": {
      "file": "chunk-FML4G5KZ.js"
    }
  }
}