{
  "hash": "44235f9d",
  "configHash": "cdcf435e",
  "lockfileHash": "94941339",
  "browserHash": "3af7c4dc",
  "optimized": {
    "@angular/common": {
      "src": "../../../../../../node_modules/@angular/common/fesm2022/common.mjs",
      "file": "@angular_common.js",
      "fileHash": "3f4d1a30",
      "needsInterop": false
    },
    "@angular/common/http": {
      "src": "../../../../../../node_modules/@angular/common/fesm2022/http.mjs",
      "file": "@angular_common_http.js",
      "fileHash": "94e37f05",
      "needsInterop": false
    },
    "@angular/core": {
      "src": "../../../../../../node_modules/@angular/core/fesm2022/core.mjs",
      "file": "@angular_core.js",
      "fileHash": "6a1bd0b8",
      "needsInterop": false
    },
    "@angular/forms": {
      "src": "../../../../../../node_modules/@angular/forms/fesm2022/forms.mjs",
      "file": "@angular_forms.js",
      "fileHash": "f65906d8",
      "needsInterop": false
    },
    "@angular/platform-browser": {
      "src": "../../../../../../node_modules/@angular/platform-browser/fesm2022/platform-browser.mjs",
      "file": "@angular_platform-browser.js",
      "fileHash": "1522c78c",
      "needsInterop": false
    },
    "@angular/platform-server/init": {
      "src": "../../../../../../node_modules/@angular/platform-server/fesm2022/init.mjs",
      "file": "@angular_platform-server_init.js",
      "fileHash": "3755cd4f",
      "needsInterop": false
    },
    "@angular/router": {
      "src": "../../../../../../node_modules/@angular/router/fesm2022/router.mjs",
      "file": "@angular_router.js",
      "fileHash": "8f6cd73e",
      "needsInterop": false
    },
    "@angular/ssr": {
      "src": "../../../../../../node_modules/@angular/ssr/fesm2022/ssr.mjs",
      "file": "@angular_ssr.js",
      "fileHash": "4065a268",
      "needsInterop": false
    },
    "@angular/ssr/node": {
      "src": "../../../../../../node_modules/@angular/ssr/fesm2022/node.mjs",
      "file": "@angular_ssr_node.js",
      "fileHash": "dbab3d61",
      "needsInterop": false
    },
    "@ngx-translate/core": {
      "src": "../../../../../../node_modules/@ngx-translate/core/fesm2022/ngx-translate-core.mjs",
      "file": "@ngx-translate_core.js",
      "fileHash": "8c61d149",
      "needsInterop": false
    },
    "@ngx-translate/http-loader": {
      "src": "../../../../../../node_modules/@ngx-translate/http-loader/fesm2022/ngx-translate-http-loader.mjs",
      "file": "@ngx-translate_http-loader.js",
      "fileHash": "cc9e13fb",
      "needsInterop": false
    },
    "express": {
      "src": "../../../../../../node_modules/express/index.js",
      "file": "express.js",
      "fileHash": "a34d9c97",
      "needsInterop": true
    },
    "ng-lazyload-image": {
      "src": "../../../../../../node_modules/ng-lazyload-image/fesm2015/ng-lazyload-image.mjs",
      "file": "ng-lazyload-image.js",
      "fileHash": "bce5624b",
      "needsInterop": false
    },
    "ngx-pagination": {
      "src": "../../../../../../node_modules/ngx-pagination/fesm2015/ngx-pagination.mjs",
      "file": "ngx-pagination.js",
      "fileHash": "2bc1b0da",
      "needsInterop": false
    },
    "ngx-skeleton-loader": {
      "src": "../../../../../../node_modules/ngx-skeleton-loader/fesm2022/ngx-skeleton-loader.mjs",
      "file": "ngx-skeleton-loader.js",
      "fileHash": "20946ff0",
      "needsInterop": false
    },
    "primeng/skeleton": {
      "src": "../../../../../../node_modules/primeng/fesm2022/primeng-skeleton.mjs",
      "file": "primeng_skeleton.js",
      "fileHash": "bd3e4c40",
      "needsInterop": false
    },
    "rxjs": {
      "src": "../../../../../../node_modules/rxjs/dist/cjs/index.js",
      "file": "rxjs.js",
      "fileHash": "566ba6ff",
      "needsInterop": true
    },
    "rxjs/operators": {
      "src": "../../../../../../node_modules/rxjs/dist/cjs/operators/index.js",
      "file": "rxjs_operators.js",
      "fileHash": "d9e61297",
      "needsInterop": true
    },
    "zone.js/node": {
      "src": "../../../../../../node_modules/zone.js/fesm2015/zone-node.js",
      "file": "zone__js_node.js",
      "fileHash": "a9e8093a",
      "needsInterop": true
    }
  },
  "chunks": {
    "xhr2-2A73CKUU": {
      "file": "xhr2-2A73CKUU.js"
    },
    "chunk-ISRN2DTC": {
      "file": "chunk-ISRN2DTC.js"
    },
    "chunk-EPXSHIRZ": {
      "file": "chunk-EPXSHIRZ.js"
    },
    "chunk-YO3MSBBK": {
      "file": "chunk-YO3MSBBK.js"
    },
    "chunk-VO42UWLS": {
      "file": "chunk-VO42UWLS.js"
    },
    "chunk-FXUZJWSS": {
      "file": "chunk-FXUZJWSS.js"
    },
    "chunk-TSKPDBCN": {
      "file": "chunk-TSKPDBCN.js"
    },
    "chunk-X7VGM5F7": {
      "file": "chunk-X7VGM5F7.js"
    },
    "chunk-7COD3VIK": {
      "file": "chunk-7COD3VIK.js"
    },
    "chunk-IUYZ4DAP": {
      "file": "chunk-IUYZ4DAP.js"
    },
    "chunk-MPRFTPEU": {
      "file": "chunk-MPRFTPEU.js"
    },
    "chunk-PAKANIVX": {
      "file": "chunk-PAKANIVX.js"
    }
  }
}